Public Key gen UE(us),Shared Key gen UE(us),Shared Key gen CN(us),
7.683000148972496,47.91100036527496,19.624998458311893,
