Public Key gen UE(us),Shared Key gen UE(us),Shared Key gen CN(us),
70.19000076979864,194.92700084811077,107.06700049922802,
