Public Key gen UE(us),Shared Key gen UE(us),Shared Key gen CN(us),
42.60300011083018,53.98700159275904,32.89500091341324,
